{
  "type": "FeatureCollection",
  "generator": "overpass-turbo",
  "copyright": "The data included in this document is from www.openstreetmap.org. The data is made available under ODbL.",
  "timestamp": "2026-06-29T06:51:00Z",
  "features": [
    {
      "type": "Feature",
      "properties": {
        "@id": "way/302644309",
        "highway": "track",
        "name": "Subida de Castelhanos- ida",
        "surface": "unpaved"
      },
      "geometry": {
        "type": "LineString",
        "coordinates": [
          [
            -45.3602424,
            -23.839644
          ],
          [
            -45.3603406,
            -23.8398596
          ],
          [
            -45.3605174,
            -23.8400213
          ],
          [
            -45.3607629,
            -23.8402279
          ],
          [
            -45.3609003,
            -23.8403716
          ],
          [
            -45.3610378,
            -23.840668
          ],
          [
            -45.3610476,
            -23.8408566
          ],
          [
            -45.3609985,
            -23.8410273
          ],
          [
            -45.3609003,
            -23.8412608
          ],
          [
            -45.3607727,
            -23.8414315
          ],
          [
            -45.3606941,
            -23.8416111
          ],
          [
            -45.3606843,
            -23.8417997
          ],
          [
            -45.3607138,
            -23.8420063
          ],
          [
            -45.3608218,
            -23.8422488
          ],
          [
            -45.3610967,
            -23.8425273
          ],
          [
            -45.3612342,
            -23.8427339
          ],
          [
            -45.361244,
            -23.8429405
          ],
          [
            -45.3611458,
            -23.8431111
          ],
          [
            -45.3611066,
            -23.8433087
          ],
          [
            -45.3611164,
            -23.8435602
          ],
          [
            -45.3611655,
            -23.8438387
          ],
          [
            -45.3611164,
            -23.8440363
          ],
          [
            -45.3611655,
            -23.8442249
          ],
          [
            -45.3613128,
            -23.8444135
          ],
          [
            -45.3614208,
            -23.844692
          ],
          [
            -45.3615092,
            -23.8449704
          ],
          [
            -45.361519,
            -23.8452398
          ],
          [
            -45.3614404,
            -23.8454195
          ],
          [
            -45.3612931,
            -23.8455003
          ],
          [
            -45.3610771,
            -23.8455901
          ],
          [
            -45.3609102,
            -23.8455542
          ],
          [
            -45.360753,
            -23.8453925
          ],
          [
            -45.3606843,
            -23.8451321
          ],
          [
            -45.3606254,
            -23.8449614
          ],
          [
            -45.3604093,
            -23.844692
          ],
          [
            -45.3601737,
            -23.8445123
          ],
          [
            -45.359938,
            -23.8444135
          ],
          [
            -45.3597318,
            -23.8443955
          ],
          [
            -45.3594666,
            -23.8444584
          ],
          [
            -45.3592702,
            -23.8445482
          ],
          [
            -45.3591524,
            -23.8447009
          ],
          [
            -45.3591033,
            -23.8448716
          ],
          [
            -45.358956,
            -23.8450512
          ],
          [
            -45.3587596,
            -23.8451321
          ],
          [
            -45.3584748,
            -23.8451141
          ],
          [
            -45.3582784,
            -23.8450422
          ],
          [
            -45.3578856,
            -23.8447638
          ],
          [
            -45.3576302,
            -23.8446381
          ],
          [
            -45.3574142,
            -23.8445932
          ],
          [
            -45.3572374,
            -23.8446381
          ],
          [
            -45.3571491,
            -23.8447997
          ],
          [
            -45.3571491,
            -23.8449973
          ],
          [
            -45.3570901,
            -23.845186
          ],
          [
            -45.3569625,
            -23.8453117
          ],
          [
            -45.3567464,
            -23.8452937
          ],
          [
            -45.35655,
            -23.8451949
          ],
          [
            -45.3562849,
            -23.8452129
          ],
          [
            -45.3559903,
            -23.8452758
          ],
          [
            -45.3557153,
            -23.8454285
          ],
          [
            -45.3555877,
            -23.8455991
          ],
          [
            -45.3554305,
            -23.8456979
          ],
          [
            -45.3551458,
            -23.8458416
          ],
          [
            -45.3549592,
            -23.8459674
          ],
          [
            -45.3547628,
            -23.846156
          ],
          [
            -45.3545762,
            -23.8463626
          ],
          [
            -45.3544093,
            -23.8464524
          ],
          [
            -45.3543369,
            -23.8464554
          ],
          [
            -45.3541932,
            -23.8464614
          ],
          [
            -45.3539575,
            -23.8463985
          ],
          [
            -45.3536335,
            -23.8463446
          ],
          [
            -45.3529264,
            -23.8463087
          ],
          [
            -45.3525729,
            -23.8462548
          ],
          [
            -45.3522586,
            -23.8462189
          ],
          [
            -45.3519935,
            -23.8462638
          ],
          [
            -45.3518167,
            -23.8464254
          ],
          [
            -45.3517382,
            -23.846668
          ],
          [
            -45.3515811,
            -23.8468476
          ],
          [
            -45.3513748,
            -23.8470452
          ],
          [
            -45.3511392,
            -23.847117
          ],
          [
            -45.3508838,
            -23.8470632
          ],
          [
            -45.350658,
            -23.847126
          ]
        ]
      },
      "id": "way/302644309"
    },
    {
      "type": "Feature",
      "properties": {
        "@id": "way/339770800",
        "highway": "path",
        "name": "Trilha do Bonete",
        "sac_scale": "mountain_hiking",
        "trail_visibility": "excellent"
      },
      "geometry": {
        "type": "LineString",
        "coordinates": [
          [
            -45.409232,
            -23.932083
          ],
          [
            -45.409157,
            -23.93206
          ],
          [
            -45.409091,
            -23.932061
          ],
          [
            -45.40903,
            -23.932099
          ],
          [
            -45.408911,
            -23.932305
          ],
          [
            -45.408805,
            -23.932451
          ],
          [
            -45.408598,
            -23.932917
          ],
          [
            -45.408539,
            -23.932998
          ],
          [
            -45.408473,
            -23.933047
          ],
          [
            -45.408233,
            -23.933152
          ],
          [
            -45.408043,
            -23.933269
          ],
          [
            -45.407913,
            -23.933291
          ],
          [
            -45.407759,
            -23.933275
          ],
          [
            -45.406985,
            -23.932849
          ],
          [
            -45.406886,
            -23.932816
          ],
          [
            -45.406633,
            -23.932819
          ],
          [
            -45.406216,
            -23.932872
          ],
          [
            -45.406058,
            -23.932914
          ],
          [
            -45.405934,
            -23.932918
          ],
          [
            -45.405513,
            -23.932828
          ],
          [
            -45.405425,
            -23.932794
          ],
          [
            -45.405278,
            -23.93271
          ],
          [
            -45.405118,
            -23.932648
          ],
          [
            -45.40476,
            -23.932546
          ],
          [
            -45.404285,
            -23.932333
          ],
          [
            -45.404157,
            -23.932254
          ],
          [
            -45.40407,
            -23.93216
          ],
          [
            -45.4039,
            -23.93186
          ],
          [
            -45.403851,
            -23.931806
          ],
          [
            -45.403636,
            -23.931663
          ],
          [
            -45.403397,
            -23.931531
          ],
          [
            -45.403335,
            -23.93151
          ],
          [
            -45.403184,
            -23.931518
          ],
          [
            -45.403057,
            -23.931562
          ],
          [
            -45.402978,
            -23.931611
          ],
          [
            -45.402708,
            -23.931853
          ],
          [
            -45.402567,
            -23.931924
          ],
          [
            -45.402373,
            -23.931979
          ],
          [
            -45.402071,
            -23.93215
          ],
          [
            -45.401915,
            -23.932197
          ],
          [
            -45.401809,
            -23.932191
          ],
          [
            -45.401558,
            -23.932122
          ],
          [
            -45.401278,
            -23.931984
          ],
          [
            -45.400988,
            -23.931762
          ],
          [
            -45.400767,
            -23.931622
          ],
          [
            -45.400567,
            -23.931431
          ],
          [
            -45.40047,
            -23.931373
          ],
          [
            -45.400363,
            -23.931331
          ],
          [
            -45.400026,
            -23.93125
          ],
          [
            -45.399585,
            -23.931043
          ],
          [
            -45.399519,
            -23.931027
          ],
          [
            -45.399394,
            -23.931028
          ],
          [
            -45.399119,
            -23.931117
          ],
          [
            -45.398548,
            -23.931214
          ],
          [
            -45.39818,
            -23.931195
          ],
          [
            -45.397863,
            -23.931234
          ],
          [
            -45.39771,
            -23.931261
          ],
          [
            -45.397452,
            -23.931357
          ],
          [
            -45.397368,
            -23.931374
          ],
          [
            -45.397242,
            -23.931386
          ],
          [
            -45.39672,
            -23.931345
          ],
          [
            -45.396488,
            -23.931371
          ],
          [
            -45.396404,
            -23.931389
          ],
          [
            -45.396338,
            -23.931423
          ],
          [
            -45.396177,
            -23.931553
          ],
          [
            -45.396024,
            -23.931713
          ],
          [
            -45.395901,
            -23.931762
          ],
          [
            -45.395836,
            -23.931771
          ],
          [
            -45.395754,
            -23.931763
          ],
          [
            -45.395649,
            -23.931716
          ],
          [
            -45.395582,
            -23.931635
          ],
          [
            -45.39554,
            -23.931508
          ],
          [
            -45.395495,
            -23.931441
          ],
          [
            -45.395425,
            -23.931379
          ],
          [
            -45.395271,
            -23.931308
          ],
          [
            -45.395196,
            -23.931303
          ],
          [
            -45.395037,
            -23.931332
          ],
          [
            -45.394881,
            -23.931403
          ],
          [
            -45.394506,
            -23.93151
          ],
          [
            -45.394225,
            -23.931736
          ],
          [
            -45.394054,
            -23.931839
          ],
          [
            -45.393923,
            -23.931899
          ],
          [
            -45.393774,
            -23.931916
          ],
          [
            -45.393679,
            -23.931901
          ],
          [
            -45.393495,
            -23.931839
          ],
          [
            -45.393423,
            -23.931795
          ],
          [
            -45.39315,
            -23.931569
          ],
          [
            -45.392612,
            -23.931288
          ],
          [
            -45.392524,
            -23.931223
          ],
          [
            -45.392303,
            -23.930943
          ],
          [
            -45.392223,
            -23.930884
          ],
          [
            -45.391961,
            -23.930792
          ],
          [
            -45.391518,
            -23.930551
          ],
          [
            -45.391376,
            -23.930527
          ],
          [
            -45.391279,
            -23.930532
          ],
          [
            -45.391169,
            -23.930565
          ],
          [
            -45.390822,
            -23.930719
          ],
          [
            -45.390584,
            -23.930768
          ],
          [
            -45.390489,
            -23.930763
          ],
          [
            -45.390222,
            -23.930697
          ],
          [
            -45.39012,
            -23.930713
          ],
          [
            -45.389956,
            -23.930775
          ],
          [
            -45.389886,
            -23.930774
          ],
          [
            -45.389537,
            -23.93071
          ],
          [
            -45.389309,
            -23.930626
          ],
          [
            -45.389188,
            -23.930607
          ],
          [
            -45.388945,
            -23.930539
          ],
          [
            -45.388756,
            -23.930366
          ],
          [
            -45.388711,
            -23.930302
          ],
          [
            -45.388655,
            -23.930163
          ],
          [
            -45.388594,
            -23.930094
          ],
          [
            -45.388502,
            -23.930053
          ],
          [
            -45.388083,
            -23.929954
          ],
          [
            -45.387828,
            -23.929853
          ],
          [
            -45.387593,
            -23.929839
          ],
          [
            -45.387113,
            -23.929699
          ],
          [
            -45.386898,
            -23.929653
          ],
          [
            -45.386658,
            -23.929559
          ],
          [
            -45.386382,
            -23.929511
          ],
          [
            -45.386276,
            -23.929518
          ],
          [
            -45.385775,
            -23.92962
          ],
          [
            -45.385639,
            -23.929626
          ],
          [
            -45.385554,
            -23.929613
          ],
          [
            -45.385415,
            -23.929552
          ],
          [
            -45.385332,
            -23.929533
          ],
          [
            -45.385178,
            -23.929539
          ],
          [
            -45.384712,
            -23.929504
          ],
          [
            -45.384623,
            -23.929364
          ],
          [
            -45.384522,
            -23.929258
          ],
          [
            -45.384395,
            -23.929163
          ],
          [
            -45.384214,
            -23.928943
          ],
          [
            -45.384107,
            -23.92885
          ],
          [
            -45.384049,
            -23.928818
          ],
          [
            -45.383947,
            -23.928795
          ],
          [
            -45.38363,
            -23.928774
          ],
          [
            -45.383296,
            -23.928798
          ],
          [
            -45.38313,
            -23.928767
          ],
          [
            -45.383025,
            -23.928707
          ],
          [
            -45.38286,
            -23.928523
          ],
          [
            -45.382728,
            -23.928428
          ],
          [
            -45.382585,
            -23.928285
          ],
          [
            -45.382359,
            -23.928116
          ],
          [
            -45.382301,
            -23.928094
          ],
          [
            -45.381938,
            -23.928079
          ],
          [
            -45.381766,
            -23.928097
          ],
          [
            -45.381451,
            -23.928214
          ],
          [
            -45.38132,
            -23.928242
          ],
          [
            -45.381095,
            -23.928241
          ],
          [
            -45.38102,
            -23.928227
          ],
          [
            -45.380945,
            -23.928189
          ],
          [
            -45.380754,
            -23.928015
          ],
          [
            -45.380675,
            -23.92797
          ],
          [
            -45.380505,
            -23.927909
          ],
          [
            -45.380095,
            -23.927852
          ],
          [
            -45.379982,
            -23.927789
          ],
          [
            -45.379639,
            -23.92743
          ],
          [
            -45.379567,
            -23.927391
          ],
          [
            -45.379492,
            -23.927384
          ],
          [
            -45.379421,
            -23.927405
          ],
          [
            -45.379363,
            -23.927447
          ],
          [
            -45.379259,
            -23.927564
          ],
          [
            -45.379205,
            -23.927665
          ],
          [
            -45.379121,
            -23.927949
          ],
          [
            -45.379029,
            -23.92814
          ],
          [
            -45.379022,
            -23.928248
          ],
          [
            -45.378994,
            -23.928322
          ],
          [
            -45.378958,
            -23.928348
          ],
          [
            -45.3787492,
            -23.9283364
          ],
          [
            -45.378661,
            -23.928332
          ],
          [
            -45.378563,
            -23.928361
          ],
          [
            -45.378301,
            -23.928468
          ],
          [
            -45.378096,
            -23.928599
          ],
          [
            -45.377698,
            -23.928776
          ],
          [
            -45.377622,
            -23.928791
          ],
          [
            -45.377364,
            -23.928765
          ],
          [
            -45.376916,
            -23.928831
          ],
          [
            -45.37678,
            -23.928837
          ],
          [
            -45.376444,
            -23.928927
          ],
          [
            -45.376233,
            -23.928898
          ],
          [
            -45.37616,
            -23.928876
          ],
          [
            -45.376047,
            -23.92881
          ],
          [
            -45.375603,
            -23.928478
          ],
          [
            -45.375532,
            -23.92845
          ],
          [
            -45.375428,
            -23.928443
          ],
          [
            -45.374931,
            -23.928506
          ],
          [
            -45.374825,
            -23.928578
          ],
          [
            -45.374646,
            -23.928767
          ],
          [
            -45.374576,
            -23.92881
          ],
          [
            -45.374232,
            -23.928889
          ],
          [
            -45.37398,
            -23.928867
          ],
          [
            -45.373901,
            -23.928838
          ],
          [
            -45.373669,
            -23.928666
          ],
          [
            -45.373417,
            -23.928532
          ],
          [
            -45.373337,
            -23.928516
          ],
          [
            -45.373273,
            -23.928528
          ],
          [
            -45.373213,
            -23.928567
          ],
          [
            -45.373057,
            -23.928767
          ],
          [
            -45.372889,
            -23.92891
          ],
          [
            -45.372833,
            -23.928936
          ],
          [
            -45.372512,
            -23.928976
          ],
          [
            -45.372388,
            -23.928965
          ],
          [
            -45.372325,
            -23.928948
          ],
          [
            -45.372175,
            -23.928861
          ],
          [
            -45.372069,
            -23.928819
          ],
          [
            -45.371857,
            -23.928774
          ],
          [
            -45.371651,
            -23.928679
          ],
          [
            -45.37152,
            -23.928646
          ],
          [
            -45.371242,
            -23.928607
          ],
          [
            -45.370969,
            -23.928594
          ],
          [
            -45.370871,
            -23.92857
          ],
          [
            -45.370506,
            -23.928291
          ],
          [
            -45.37044,
            -23.928253
          ],
          [
            -45.370358,
            -23.92823
          ],
          [
            -45.36964,
            -23.928176
          ],
          [
            -45.369459,
            -23.928144
          ],
          [
            -45.368929,
            -23.928096
          ],
          [
            -45.368407,
            -23.927932
          ],
          [
            -45.36809,
            -23.927894
          ],
          [
            -45.367889,
            -23.927905
          ],
          [
            -45.367638,
            -23.92789
          ],
          [
            -45.367417,
            -23.927918
          ],
          [
            -45.367325,
            -23.927959
          ],
          [
            -45.367158,
            -23.928099
          ],
          [
            -45.366856,
            -23.928254
          ],
          [
            -45.366632,
            -23.928298
          ],
          [
            -45.366509,
            -23.928341
          ],
          [
            -45.366437,
            -23.928347
          ],
          [
            -45.365899,
            -23.928301
          ],
          [
            -45.365534,
            -23.928254
          ],
          [
            -45.365452,
            -23.92823
          ],
          [
            -45.365389,
            -23.92819
          ],
          [
            -45.365317,
            -23.928086
          ],
          [
            -45.365251,
            -23.927804
          ],
          [
            -45.365211,
            -23.927759
          ],
          [
            -45.365057,
            -23.927686
          ],
          [
            -45.363793,
            -23.927269
          ],
          [
            -45.363314,
            -23.927068
          ],
          [
            -45.363076,
            -23.927037
          ],
          [
            -45.362837,
            -23.926964
          ],
          [
            -45.36252,
            -23.927003
          ],
          [
            -45.362434,
            -23.926995
          ],
          [
            -45.362171,
            -23.926937
          ],
          [
            -45.362001,
            -23.926876
          ],
          [
            -45.361801,
            -23.926837
          ],
          [
            -45.361693,
            -23.926803
          ],
          [
            -45.361578,
            -23.926736
          ],
          [
            -45.36149,
            -23.926666
          ],
          [
            -45.36138,
            -23.926436
          ],
          [
            -45.361257,
            -23.926008
          ],
          [
            -45.361237,
            -23.92576
          ],
          [
            -45.3612,
            -23.92568
          ],
          [
            -45.361149,
            -23.925617
          ],
          [
            -45.360963,
            -23.925477
          ],
          [
            -45.360587,
            -23.925329
          ],
          [
            -45.360474,
            -23.925309
          ],
          [
            -45.360205,
            -23.925337
          ],
          [
            -45.360009,
            -23.925336
          ],
          [
            -45.359383,
            -23.925208
          ],
          [
            -45.359313,
            -23.925168
          ],
          [
            -45.359169,
            -23.925043
          ],
          [
            -45.359085,
            -23.924926
          ],
          [
            -45.359035,
            -23.9248
          ],
          [
            -45.359011,
            -23.924633
          ],
          [
            -45.35898,
            -23.924542
          ],
          [
            -45.358865,
            -23.924326
          ],
          [
            -45.358715,
            -23.92418
          ],
          [
            -45.358521,
            -23.924061
          ],
          [
            -45.358402,
            -23.923957
          ],
          [
            -45.35823,
            -23.923753
          ],
          [
            -45.358159,
            -23.923689
          ],
          [
            -45.357741,
            -23.923343
          ],
          [
            -45.357244,
            -23.923014
          ],
          [
            -45.357174,
            -23.922953
          ],
          [
            -45.357118,
            -23.922871
          ],
          [
            -45.357066,
            -23.922694
          ],
          [
            -45.357016,
            -23.92261
          ],
          [
            -45.356655,
            -23.922154
          ],
          [
            -45.356591,
            -23.922024
          ],
          [
            -45.356524,
            -23.92172
          ],
          [
            -45.356393,
            -23.92157
          ],
          [
            -45.356355,
            -23.921493
          ],
          [
            -45.356371,
            -23.921249
          ],
          [
            -45.35641,
            -23.921048
          ],
          [
            -45.3564,
            -23.920971
          ],
          [
            -45.356209,
            -23.920639
          ],
          [
            -45.356145,
            -23.920496
          ],
          [
            -45.356076,
            -23.920461
          ],
          [
            -45.355874,
            -23.920429
          ],
          [
            -45.355824,
            -23.920384
          ],
          [
            -45.355817,
            -23.920315
          ],
          [
            -45.35586,
            -23.92019
          ],
          [
            -45.355905,
            -23.919819
          ],
          [
            -45.355996,
            -23.919513
          ],
          [
            -45.355985,
            -23.919448
          ],
          [
            -45.355954,
            -23.919409
          ],
          [
            -45.355715,
            -23.919232
          ],
          [
            -45.355573,
            -23.919156
          ],
          [
            -45.355496,
            -23.919095
          ],
          [
            -45.355184,
            -23.918637
          ],
          [
            -45.355098,
            -23.918449
          ],
          [
            -45.355041,
            -23.918383
          ],
          [
            -45.354919,
            -23.918341
          ],
          [
            -45.354696,
            -23.918318
          ],
          [
            -45.354481,
            -23.918316
          ],
          [
            -45.354337,
            -23.918341
          ],
          [
            -45.354228,
            -23.91838
          ],
          [
            -45.354064,
            -23.918516
          ],
          [
            -45.353945,
            -23.918576
          ],
          [
            -45.353832,
            -23.918579
          ],
          [
            -45.353638,
            -23.918523
          ],
          [
            -45.353398,
            -23.918384
          ],
          [
            -45.353309,
            -23.91835
          ],
          [
            -45.352986,
            -23.918258
          ],
          [
            -45.352617,
            -23.918177
          ],
          [
            -45.352111,
            -23.918133
          ],
          [
            -45.351969,
            -23.918105
          ],
          [
            -45.351792,
            -23.918032
          ],
          [
            -45.351633,
            -23.917988
          ],
          [
            -45.350904,
            -23.917823
          ],
          [
            -45.350699,
            -23.917724
          ],
          [
            -45.350203,
            -23.917312
          ],
          [
            -45.350018,
            -23.917213
          ],
          [
            -45.349647,
            -23.916915
          ],
          [
            -45.349154,
            -23.916708
          ],
          [
            -45.349076,
            -23.916658
          ],
          [
            -45.349016,
            -23.916551
          ],
          [
            -45.348995,
            -23.916265
          ],
          [
            -45.348963,
            -23.916194
          ],
          [
            -45.348663,
            -23.916008
          ],
          [
            -45.348488,
            -23.915842
          ],
          [
            -45.348451,
            -23.915781
          ],
          [
            -45.34839,
            -23.915612
          ],
          [
            -45.348306,
            -23.915495
          ],
          [
            -45.348226,
            -23.915353
          ],
          [
            -45.3482,
            -23.915223
          ],
          [
            -45.348125,
            -23.915012
          ],
          [
            -45.348061,
            -23.914903
          ],
          [
            -45.347918,
            -23.914745
          ],
          [
            -45.347711,
            -23.914402
          ],
          [
            -45.347385,
            -23.914187
          ],
          [
            -45.347205,
            -23.914037
          ],
          [
            -45.347047,
            -23.913931
          ],
          [
            -45.346847,
            -23.913827
          ],
          [
            -45.346814,
            -23.913759
          ],
          [
            -45.346771,
            -23.913422
          ],
          [
            -45.346703,
            -23.913294
          ],
          [
            -45.346626,
            -23.913095
          ],
          [
            -45.346539,
            -23.91299
          ],
          [
            -45.346386,
            -23.912882
          ],
          [
            -45.346292,
            -23.912844
          ],
          [
            -45.346218,
            -23.912846
          ],
          [
            -45.346024,
            -23.912902
          ],
          [
            -45.345654,
            -23.913042
          ],
          [
            -45.34556,
            -23.91305
          ],
          [
            -45.345397,
            -23.913009
          ],
          [
            -45.345304,
            -23.913018
          ],
          [
            -45.34523,
            -23.913041
          ],
          [
            -45.34492,
            -23.91319
          ],
          [
            -45.344847,
            -23.913206
          ],
          [
            -45.344754,
            -23.913202
          ],
          [
            -45.3445,
            -23.913103
          ],
          [
            -45.344227,
            -23.912911
          ],
          [
            -45.344159,
            -23.912891
          ],
          [
            -45.344015,
            -23.912893
          ],
          [
            -45.343921,
            -23.912877
          ],
          [
            -45.343534,
            -23.912696
          ],
          [
            -45.343413,
            -23.912666
          ],
          [
            -45.343104,
            -23.912649
          ],
          [
            -45.3425635,
            -23.9127054
          ],
          [
            -45.34221,
            -23.912764
          ],
          [
            -45.341846,
            -23.912783
          ],
          [
            -45.341771,
            -23.912751
          ],
          [
            -45.341635,
            -23.912637
          ],
          [
            -45.341526,
            -23.912569
          ],
          [
            -45.3413746,
            -23.9125733
          ]
        ]
      },
      "id": "way/339770800"
    },
    {
      "type": "Feature",
      "properties": {
        "@id": "way/339770809",
        "highway": "path",
        "name": "Trilha Bonete Castelhanos"
      },
      "geometry": {
        "type": "LineString",
        "coordinates": [
          [
            -45.3420197,
            -23.9155356
          ],
          [
            -45.341951,
            -23.915333
          ],
          [
            -45.341947,
            -23.915208
          ],
          [
            -45.341979,
            -23.915034
          ],
          [
            -45.341978,
            -23.914922
          ],
          [
            -45.341924,
            -23.914689
          ],
          [
            -45.34175,
            -23.914448
          ],
          [
            -45.341455,
            -23.913857
          ],
          [
            -45.341301,
            -23.913588
          ],
          [
            -45.341129,
            -23.913359
          ],
          [
            -45.340827,
            -23.913037
          ],
          [
            -45.340635,
            -23.912801
          ],
          [
            -45.340575,
            -23.912781
          ],
          [
            -45.340498,
            -23.912785
          ],
          [
            -45.339984,
            -23.912873
          ],
          [
            -45.339581,
            -23.913044
          ],
          [
            -45.339498,
            -23.91305
          ],
          [
            -45.339027,
            -23.912898
          ],
          [
            -45.338913,
            -23.912881
          ],
          [
            -45.338846,
            -23.912887
          ],
          [
            -45.338414,
            -23.913078
          ],
          [
            -45.338194,
            -23.91311
          ],
          [
            -45.338127,
            -23.91315
          ],
          [
            -45.338034,
            -23.91335
          ],
          [
            -45.337971,
            -23.913414
          ],
          [
            -45.337784,
            -23.913537
          ],
          [
            -45.337745,
            -23.913596
          ],
          [
            -45.337712,
            -23.913688
          ],
          [
            -45.337683,
            -23.913935
          ],
          [
            -45.337656,
            -23.914033
          ],
          [
            -45.337587,
            -23.914127
          ],
          [
            -45.337566,
            -23.914183
          ],
          [
            -45.337551,
            -23.914333
          ],
          [
            -45.337521,
            -23.914433
          ],
          [
            -45.337485,
            -23.914494
          ],
          [
            -45.337383,
            -23.914569
          ],
          [
            -45.337332,
            -23.914636
          ],
          [
            -45.33735,
            -23.914709
          ],
          [
            -45.337525,
            -23.914947
          ],
          [
            -45.337544,
            -23.915021
          ],
          [
            -45.3375263,
            -23.915156
          ],
          [
            -45.337521,
            -23.915565
          ],
          [
            -45.337535,
            -23.915707
          ],
          [
            -45.337651,
            -23.916
          ],
          [
            -45.337674,
            -23.916221
          ],
          [
            -45.337715,
            -23.916309
          ],
          [
            -45.337949,
            -23.916581
          ],
          [
            -45.338008,
            -23.91669
          ],
          [
            -45.33808,
            -23.917053
          ],
          [
            -45.3380367,
            -23.9171162
          ],
          [
            -45.338026,
            -23.917124
          ],
          [
            -45.337947,
            -23.91711
          ],
          [
            -45.337719,
            -23.916965
          ],
          [
            -45.337611,
            -23.916878
          ],
          [
            -45.337321,
            -23.916465
          ],
          [
            -45.337172,
            -23.916289
          ],
          [
            -45.337069,
            -23.916224
          ],
          [
            -45.336951,
            -23.91619
          ],
          [
            -45.336619,
            -23.916138
          ],
          [
            -45.336477,
            -23.916088
          ],
          [
            -45.336412,
            -23.916052
          ],
          [
            -45.336349,
            -23.915987
          ],
          [
            -45.3362336,
            -23.9157874
          ],
          [
            -45.336158,
            -23.915526
          ],
          [
            -45.3361399,
            -23.9152867
          ],
          [
            -45.336118,
            -23.915211
          ],
          [
            -45.335827,
            -23.914744
          ],
          [
            -45.335758,
            -23.914434
          ],
          [
            -45.335607,
            -23.914176
          ],
          [
            -45.335405,
            -23.914014
          ],
          [
            -45.335331,
            -23.913919
          ],
          [
            -45.335297,
            -23.913857
          ],
          [
            -45.335284,
            -23.913766
          ],
          [
            -45.335301,
            -23.913671
          ],
          [
            -45.335289,
            -23.913542
          ],
          [
            -45.335238,
            -23.913448
          ],
          [
            -45.335067,
            -23.913231
          ],
          [
            -45.334974,
            -23.91307
          ],
          [
            -45.334923,
            -23.913032
          ],
          [
            -45.334851,
            -23.913016
          ],
          [
            -45.334804,
            -23.91302
          ],
          [
            -45.334734,
            -23.913049
          ],
          [
            -45.334579,
            -23.913154
          ],
          [
            -45.334463,
            -23.913185
          ],
          [
            -45.334398,
            -23.913179
          ],
          [
            -45.334272,
            -23.913117
          ],
          [
            -45.334131,
            -23.913011
          ],
          [
            -45.334043,
            -23.912976
          ],
          [
            -45.333969,
            -23.912965
          ],
          [
            -45.333806,
            -23.913006
          ],
          [
            -45.333685,
            -23.913072
          ],
          [
            -45.333606,
            -23.913096
          ],
          [
            -45.333249,
            -23.913149
          ],
          [
            -45.333153,
            -23.913119
          ],
          [
            -45.332978,
            -23.912943
          ],
          [
            -45.332916,
            -23.912916
          ],
          [
            -45.332815,
            -23.912931
          ],
          [
            -45.332513,
            -23.91311
          ],
          [
            -45.332374,
            -23.913134
          ],
          [
            -45.331952,
            -23.912994
          ],
          [
            -45.331851,
            -23.912984
          ],
          [
            -45.331588,
            -23.913111
          ],
          [
            -45.331526,
            -23.913117
          ],
          [
            -45.331462,
            -23.913089
          ],
          [
            -45.331368,
            -23.913
          ],
          [
            -45.331302,
            -23.912969
          ],
          [
            -45.331248,
            -23.912969
          ],
          [
            -45.331161,
            -23.913001
          ],
          [
            -45.331055,
            -23.913091
          ],
          [
            -45.33091,
            -23.913304
          ],
          [
            -45.330816,
            -23.91336
          ],
          [
            -45.330726,
            -23.913361
          ],
          [
            -45.33066,
            -23.913327
          ],
          [
            -45.330607,
            -23.913255
          ],
          [
            -45.330588,
            -23.913168
          ],
          [
            -45.33059,
            -23.912995
          ],
          [
            -45.330535,
            -23.912921
          ],
          [
            -45.330394,
            -23.912911
          ],
          [
            -45.3301,
            -23.912959
          ],
          [
            -45.329982,
            -23.912928
          ],
          [
            -45.329876,
            -23.912839
          ],
          [
            -45.329798,
            -23.912748
          ],
          [
            -45.329742,
            -23.912638
          ],
          [
            -45.329731,
            -23.91257
          ],
          [
            -45.329763,
            -23.912389
          ],
          [
            -45.329755,
            -23.912332
          ],
          [
            -45.329718,
            -23.912274
          ],
          [
            -45.329617,
            -23.912186
          ],
          [
            -45.329422,
            -23.911965
          ],
          [
            -45.3293,
            -23.911868
          ],
          [
            -45.328869,
            -23.911648
          ],
          [
            -45.328791,
            -23.911614
          ],
          [
            -45.328579,
            -23.911577
          ],
          [
            -45.328525,
            -23.911598
          ],
          [
            -45.328352,
            -23.911733
          ],
          [
            -45.328215,
            -23.911878
          ],
          [
            -45.327919,
            -23.912048
          ],
          [
            -45.327588,
            -23.91205
          ],
          [
            -45.327544,
            -23.912041
          ],
          [
            -45.327476,
            -23.911996
          ],
          [
            -45.327331,
            -23.911747
          ],
          [
            -45.327247,
            -23.911652
          ],
          [
            -45.326914,
            -23.911454
          ],
          [
            -45.326681,
            -23.911345
          ],
          [
            -45.326494,
            -23.91128
          ],
          [
            -45.326362,
            -23.911268
          ],
          [
            -45.326295,
            -23.911289
          ]
        ]
      },
      "id": "way/339770809"
    },
    {
      "type": "Feature",
      "properties": {
        "@id": "way/355223025",
        "highway": "path",
        "name": "Trilha do Bonete",
        "sac_scale": "mountain_hiking",
        "trail_visibility": "excellent"
      },
      "geometry": {
        "type": "LineString",
        "coordinates": [
          [
            -45.4093371,
            -23.9320981
          ],
          [
            -45.409412,
            -23.932336
          ],
          [
            -45.409464,
            -23.932408
          ],
          [
            -45.409596,
            -23.932493
          ],
          [
            -45.409668,
            -23.932504
          ],
          [
            -45.409753,
            -23.932496
          ],
          [
            -45.41011,
            -23.932345
          ],
          [
            -45.410172,
            -23.932349
          ],
          [
            -45.410302,
            -23.932388
          ],
          [
            -45.410418,
            -23.932396
          ],
          [
            -45.410611,
            -23.932378
          ],
          [
            -45.410869,
            -23.932394
          ],
          [
            -45.411018,
            -23.932442
          ],
          [
            -45.411073,
            -23.932486
          ],
          [
            -45.411118,
            -23.932567
          ],
          [
            -45.411158,
            -23.932774
          ],
          [
            -45.411172,
            -23.932969
          ],
          [
            -45.411319,
            -23.933207
          ],
          [
            -45.411451,
            -23.933344
          ],
          [
            -45.411598,
            -23.933529
          ],
          [
            -45.411777,
            -23.933679
          ],
          [
            -45.41182,
            -23.933735
          ],
          [
            -45.411879,
            -23.933934
          ],
          [
            -45.411962,
            -23.934137
          ],
          [
            -45.412077,
            -23.934323
          ],
          [
            -45.412266,
            -23.934496
          ],
          [
            -45.412326,
            -23.934535
          ],
          [
            -45.412415,
            -23.934563
          ],
          [
            -45.412513,
            -23.934626
          ],
          [
            -45.412572,
            -23.934719
          ],
          [
            -45.412698,
            -23.935014
          ],
          [
            -45.412721,
            -23.935108
          ],
          [
            -45.412684,
            -23.935345
          ],
          [
            -45.412668,
            -23.935701
          ],
          [
            -45.412709,
            -23.93581
          ],
          [
            -45.412787,
            -23.935897
          ],
          [
            -45.41289,
            -23.935963
          ],
          [
            -45.413025,
            -23.936003
          ],
          [
            -45.413101,
            -23.935998
          ],
          [
            -45.413198,
            -23.935963
          ],
          [
            -45.413409,
            -23.935842
          ],
          [
            -45.413926,
            -23.935799
          ],
          [
            -45.414007,
            -23.935836
          ],
          [
            -45.414059,
            -23.93589
          ],
          [
            -45.414168,
            -23.93606
          ],
          [
            -45.414308,
            -23.936164
          ],
          [
            -45.414399,
            -23.936254
          ],
          [
            -45.414499,
            -23.936415
          ],
          [
            -45.414592,
            -23.936494
          ],
          [
            -45.414864,
            -23.936632
          ],
          [
            -45.414983,
            -23.936662
          ],
          [
            -45.41522,
            -23.93668
          ],
          [
            -45.415414,
            -23.936676
          ],
          [
            -45.415779,
            -23.93661
          ],
          [
            -45.415976,
            -23.936663
          ],
          [
            -45.416376,
            -23.936738
          ],
          [
            -45.416823,
            -23.936869
          ],
          [
            -45.416968,
            -23.936951
          ],
          [
            -45.4171,
            -23.937003
          ],
          [
            -45.417355,
            -23.937077
          ],
          [
            -45.417728,
            -23.937333
          ],
          [
            -45.417966,
            -23.937472
          ],
          [
            -45.418039,
            -23.937484
          ],
          [
            -45.4185,
            -23.937402
          ],
          [
            -45.418703,
            -23.937422
          ],
          [
            -45.418873,
            -23.937397
          ],
          [
            -45.418946,
            -23.937365
          ],
          [
            -45.419064,
            -23.93727
          ],
          [
            -45.419312,
            -23.937163
          ],
          [
            -45.41945,
            -23.937133
          ],
          [
            -45.41978,
            -23.937109
          ],
          [
            -45.420179,
            -23.937119
          ],
          [
            -45.420254,
            -23.937107
          ],
          [
            -45.420785,
            -23.936929
          ],
          [
            -45.420842,
            -23.936918
          ],
          [
            -45.421004,
            -23.936923
          ],
          [
            -45.421546,
            -23.936856
          ],
          [
            -45.422135,
            -23.936638
          ],
          [
            -45.422714,
            -23.936557
          ],
          [
            -45.422969,
            -23.936584
          ],
          [
            -45.423061,
            -23.936609
          ],
          [
            -45.423441,
            -23.936732
          ],
          [
            -45.423689,
            -23.936871
          ],
          [
            -45.423794,
            -23.936913
          ],
          [
            -45.423935,
            -23.936947
          ],
          [
            -45.424222,
            -23.936962
          ],
          [
            -45.424541,
            -23.93693
          ],
          [
            -45.424813,
            -23.936986
          ],
          [
            -45.425017,
            -23.936988
          ],
          [
            -45.42515,
            -23.936953
          ],
          [
            -45.42529,
            -23.93686
          ],
          [
            -45.425412,
            -23.936807
          ],
          [
            -45.425837,
            -23.936785
          ],
          [
            -45.425924,
            -23.936752
          ],
          [
            -45.426641,
            -23.936383
          ],
          [
            -45.426803,
            -23.936352
          ],
          [
            -45.427055,
            -23.936333
          ],
          [
            -45.427169,
            -23.936304
          ]
        ]
      },
      "id": "way/355223025"
    },
    {
      "type": "Feature",
      "properties": {
        "@id": "way/355223026",
        "bridge": "yes",
        "highway": "path",
        "horse": "no",
        "layer": "1",
        "name": "Trilha do Bonete",
        "sac_scale": "mountain_hiking",
        "surface": "wood",
        "trail_visibility": "excellent",
        "width": "1"
      },
      "geometry": {
        "type": "LineString",
        "coordinates": [
          [
            -45.409232,
            -23.932083
          ],
          [
            -45.4093371,
            -23.9320981
          ]
        ]
      },
      "id": "way/355223026"
    },
    {
      "type": "Feature",
      "properties": {
        "@id": "way/541718876",
        "highway": "path",
        "name": "Trilha Bonete Castelhanos"
      },
      "geometry": {
        "type": "LineString",
        "coordinates": [
          [
            -45.324819,
            -23.9102748
          ],
          [
            -45.3246534,
            -23.9103188
          ],
          [
            -45.3245231,
            -23.9102171
          ],
          [
            -45.3244148,
            -23.9103895
          ],
          [
            -45.3243515,
            -23.9106519
          ],
          [
            -45.3242232,
            -23.9106392
          ],
          [
            -45.3241017,
            -23.9106626
          ],
          [
            -45.3240854,
            -23.9107637
          ],
          [
            -45.3240736,
            -23.9110117
          ],
          [
            -45.3239803,
            -23.9113321
          ],
          [
            -45.323902,
            -23.9114891
          ],
          [
            -45.3236236,
            -23.9117654
          ],
          [
            -45.323452,
            -23.9120175
          ],
          [
            -45.3233442,
            -23.9120789
          ],
          [
            -45.3232235,
            -23.9121305
          ],
          [
            -45.3230961,
            -23.9121777
          ],
          [
            -45.3229585,
            -23.9122007
          ],
          [
            -45.3226125,
            -23.9120986
          ],
          [
            -45.3223913,
            -23.9121202
          ],
          [
            -45.3222345,
            -23.9121232
          ],
          [
            -45.3219989,
            -23.9119715
          ],
          [
            -45.3219243,
            -23.9120103
          ],
          [
            -45.3221227,
            -23.9122462
          ],
          [
            -45.3219736,
            -23.9124123
          ],
          [
            -45.3218331,
            -23.9126892
          ],
          [
            -45.3215869,
            -23.9127811
          ],
          [
            -45.3214062,
            -23.9128714
          ],
          [
            -45.3212329,
            -23.9129454
          ],
          [
            -45.3211318,
            -23.9129655
          ],
          [
            -45.3210159,
            -23.9129726
          ],
          [
            -45.3208521,
            -23.9130068
          ],
          [
            -45.3208141,
            -23.9130528
          ],
          [
            -45.3207536,
            -23.9131968
          ],
          [
            -45.3206655,
            -23.9133468
          ],
          [
            -45.3204487,
            -23.9134918
          ],
          [
            -45.320076,
            -23.9135303
          ],
          [
            -45.3198514,
            -23.9134515
          ],
          [
            -45.3194559,
            -23.9132914
          ],
          [
            -45.3192503,
            -23.9131746
          ],
          [
            -45.3191697,
            -23.9129648
          ],
          [
            -45.3190651,
            -23.9127943
          ],
          [
            -45.3189608,
            -23.9126428
          ],
          [
            -45.3187624,
            -23.9125478
          ],
          [
            -45.3184675,
            -23.9124979
          ],
          [
            -45.3182156,
            -23.9124731
          ],
          [
            -45.317972,
            -23.9123491
          ],
          [
            -45.3177547,
            -23.912252
          ],
          [
            -45.3175505,
            -23.9121758
          ],
          [
            -45.3174525,
            -23.9120435
          ],
          [
            -45.317319,
            -23.912011
          ],
          [
            -45.317146,
            -23.912056
          ],
          [
            -45.3170639,
            -23.9120918
          ],
          [
            -45.3169008,
            -23.9120756
          ],
          [
            -45.3166542,
            -23.9119964
          ],
          [
            -45.316412,
            -23.911832
          ],
          [
            -45.316313,
            -23.911795
          ],
          [
            -45.316074,
            -23.911562
          ],
          [
            -45.315957,
            -23.911479
          ],
          [
            -45.315874,
            -23.911384
          ],
          [
            -45.315705,
            -23.91124
          ],
          [
            -45.315648,
            -23.911229
          ],
          [
            -45.315578,
            -23.911248
          ],
          [
            -45.315293,
            -23.911424
          ],
          [
            -45.3151871,
            -23.9115595
          ],
          [
            -45.3150027,
            -23.9116963
          ],
          [
            -45.3148534,
            -23.9116987
          ],
          [
            -45.3145116,
            -23.911648
          ],
          [
            -45.3143322,
            -23.9115939
          ],
          [
            -45.3141931,
            -23.9114571
          ],
          [
            -45.3140994,
            -23.9113715
          ],
          [
            -45.3140634,
            -23.911242
          ],
          [
            -45.3140514,
            -23.9109336
          ],
          [
            -45.3140462,
            -23.9107576
          ],
          [
            -45.314063,
            -23.910594
          ],
          [
            -45.313833,
            -23.910306
          ],
          [
            -45.313768,
            -23.91027
          ],
          [
            -45.313644,
            -23.910276
          ],
          [
            -45.313066,
            -23.910405
          ],
          [
            -45.313001,
            -23.910401
          ],
          [
            -45.31294,
            -23.910367
          ],
          [
            -45.312763,
            -23.910192
          ],
          [
            -45.312452,
            -23.910042
          ],
          [
            -45.31228,
            -23.909911
          ],
          [
            -45.311768,
            -23.90962
          ],
          [
            -45.311568,
            -23.909359
          ],
          [
            -45.311213,
            -23.909077
          ],
          [
            -45.310992,
            -23.908795
          ],
          [
            -45.310855,
            -23.90867
          ],
          [
            -45.310793,
            -23.908572
          ],
          [
            -45.310587,
            -23.90835
          ],
          [
            -45.31045,
            -23.908237
          ]
        ]
      },
      "id": "way/541718876"
    },
    {
      "type": "Feature",
      "properties": {
        "@id": "way/541718881",
        "bicycle": "no",
        "highway": "path",
        "name": "Trilha Bonete Castelhanos",
        "smoothness": "horrible"
      },
      "geometry": {
        "type": "LineString",
        "coordinates": [
          [
            -45.30407,
            -23.90727
          ],
          [
            -45.304024,
            -23.907181
          ],
          [
            -45.3038821,
            -23.9069332
          ],
          [
            -45.303506,
            -23.906762
          ],
          [
            -45.3034163,
            -23.9066348
          ],
          [
            -45.303371,
            -23.906416
          ],
          [
            -45.303473,
            -23.90624
          ],
          [
            -45.303484,
            -23.90618
          ],
          [
            -45.303491,
            -23.905678
          ],
          [
            -45.303525,
            -23.905494
          ],
          [
            -45.30353,
            -23.905315
          ],
          [
            -45.303569,
            -23.905105
          ],
          [
            -45.303565,
            -23.904908
          ],
          [
            -45.303534,
            -23.904781
          ],
          [
            -45.303536,
            -23.904715
          ],
          [
            -45.303648,
            -23.904142
          ],
          [
            -45.303649,
            -23.904047
          ],
          [
            -45.303583,
            -23.903803
          ],
          [
            -45.303527,
            -23.903658
          ],
          [
            -45.303528,
            -23.903533
          ],
          [
            -45.303592,
            -23.903325
          ],
          [
            -45.303599,
            -23.903125
          ],
          [
            -45.303674,
            -23.902894
          ],
          [
            -45.303699,
            -23.902775
          ],
          [
            -45.303698,
            -23.902676
          ],
          [
            -45.303731,
            -23.902534
          ],
          [
            -45.303776,
            -23.902421
          ],
          [
            -45.303919,
            -23.902167
          ],
          [
            -45.30412,
            -23.901731
          ],
          [
            -45.30436,
            -23.901392
          ],
          [
            -45.3044,
            -23.901294
          ],
          [
            -45.304428,
            -23.901165
          ],
          [
            -45.304405,
            -23.900997
          ],
          [
            -45.304428,
            -23.900767
          ],
          [
            -45.304424,
            -23.900668
          ],
          [
            -45.304352,
            -23.900368
          ],
          [
            -45.304236,
            -23.900102
          ],
          [
            -45.304188,
            -23.899953
          ],
          [
            -45.304169,
            -23.899813
          ],
          [
            -45.304213,
            -23.899672
          ],
          [
            -45.304279,
            -23.899568
          ],
          [
            -45.304386,
            -23.899458
          ],
          [
            -45.30442,
            -23.899398
          ],
          [
            -45.304454,
            -23.899154
          ],
          [
            -45.304537,
            -23.899009
          ],
          [
            -45.304597,
            -23.898789
          ],
          [
            -45.304596,
            -23.898584
          ],
          [
            -45.304554,
            -23.898353
          ],
          [
            -45.304556,
            -23.898011
          ],
          [
            -45.304571,
            -23.897907
          ],
          [
            -45.304821,
            -23.897521
          ],
          [
            -45.305311,
            -23.897056
          ],
          [
            -45.30539,
            -23.896937
          ],
          [
            -45.305399,
            -23.896853
          ],
          [
            -45.305372,
            -23.896694
          ],
          [
            -45.305363,
            -23.896462
          ],
          [
            -45.305247,
            -23.895919
          ],
          [
            -45.305111,
            -23.895638
          ],
          [
            -45.304956,
            -23.895413
          ],
          [
            -45.304735,
            -23.895156
          ],
          [
            -45.304603,
            -23.895026
          ],
          [
            -45.303796,
            -23.894421
          ],
          [
            -45.303477,
            -23.894153
          ],
          [
            -45.303275,
            -23.894019
          ],
          [
            -45.303076,
            -23.893927
          ],
          [
            -45.302682,
            -23.893685
          ],
          [
            -45.302498,
            -23.893489
          ],
          [
            -45.302374,
            -23.893189
          ],
          [
            -45.302269,
            -23.892993
          ],
          [
            -45.302185,
            -23.892895
          ],
          [
            -45.301868,
            -23.892611
          ],
          [
            -45.301387,
            -23.892305
          ],
          [
            -45.301123,
            -23.892056
          ],
          [
            -45.301078,
            -23.891989
          ],
          [
            -45.301017,
            -23.891832
          ],
          [
            -45.300955,
            -23.891576
          ],
          [
            -45.30095,
            -23.891434
          ],
          [
            -45.300982,
            -23.891324
          ],
          [
            -45.301076,
            -23.891113
          ],
          [
            -45.301309,
            -23.890765
          ],
          [
            -45.301465,
            -23.89042
          ],
          [
            -45.3016,
            -23.890226
          ],
          [
            -45.301663,
            -23.890098
          ],
          [
            -45.301715,
            -23.889894
          ],
          [
            -45.301719,
            -23.88977
          ],
          [
            -45.30169,
            -23.889668
          ],
          [
            -45.301607,
            -23.889562
          ],
          [
            -45.3013,
            -23.889293
          ],
          [
            -45.301212,
            -23.889187
          ],
          [
            -45.301119,
            -23.888983
          ],
          [
            -45.301055,
            -23.888886
          ],
          [
            -45.300743,
            -23.888566
          ],
          [
            -45.300628,
            -23.888487
          ],
          [
            -45.300416,
            -23.888385
          ],
          [
            -45.300346,
            -23.888314
          ],
          [
            -45.30028,
            -23.888207
          ],
          [
            -45.300223,
            -23.888032
          ],
          [
            -45.300174,
            -23.887635
          ],
          [
            -45.300189,
            -23.887539
          ],
          [
            -45.300246,
            -23.88738
          ],
          [
            -45.300253,
            -23.8873
          ],
          [
            -45.300193,
            -23.887026
          ],
          [
            -45.30014,
            -23.886896
          ],
          [
            -45.300078,
            -23.886796
          ],
          [
            -45.300024,
            -23.886747
          ],
          [
            -45.299902,
            -23.886704
          ],
          [
            -45.299718,
            -23.886718
          ],
          [
            -45.299253,
            -23.886848
          ],
          [
            -45.298926,
            -23.886914
          ],
          [
            -45.298579,
            -23.88695
          ],
          [
            -45.298332,
            -23.886884
          ],
          [
            -45.298027,
            -23.886716
          ],
          [
            -45.297972,
            -23.886668
          ],
          [
            -45.297916,
            -23.886578
          ],
          [
            -45.297854,
            -23.886369
          ],
          [
            -45.297564,
            -23.886046
          ],
          [
            -45.297368,
            -23.885919
          ],
          [
            -45.297296,
            -23.885858
          ],
          [
            -45.297107,
            -23.88564
          ],
          [
            -45.29703,
            -23.885575
          ],
          [
            -45.296808,
            -23.885449
          ],
          [
            -45.296724,
            -23.88538
          ],
          [
            -45.296678,
            -23.885312
          ],
          [
            -45.296648,
            -23.885203
          ],
          [
            -45.296659,
            -23.885088
          ],
          [
            -45.296712,
            -23.884946
          ],
          [
            -45.296707,
            -23.884835
          ],
          [
            -45.296652,
            -23.884583
          ],
          [
            -45.296649,
            -23.884413
          ],
          [
            -45.296619,
            -23.884313
          ],
          [
            -45.2963,
            -23.883724
          ],
          [
            -45.296196,
            -23.883579
          ],
          [
            -45.296012,
            -23.883425
          ],
          [
            -45.295674,
            -23.883099
          ],
          [
            -45.295503,
            -23.882621
          ],
          [
            -45.295407,
            -23.88242
          ],
          [
            -45.295342,
            -23.882345
          ],
          [
            -45.295118,
            -23.88216
          ],
          [
            -45.294699,
            -23.881987
          ],
          [
            -45.294308,
            -23.88174
          ],
          [
            -45.294126,
            -23.881644
          ],
          [
            -45.293869,
            -23.881431
          ],
          [
            -45.293825,
            -23.881377
          ],
          [
            -45.293744,
            -23.881206
          ],
          [
            -45.293686,
            -23.881031
          ],
          [
            -45.29355,
            -23.880863
          ],
          [
            -45.293514,
            -23.880758
          ],
          [
            -45.293514,
            -23.880569
          ],
          [
            -45.293521,
            -23.880499
          ],
          [
            -45.293557,
            -23.880418
          ],
          [
            -45.293752,
            -23.880218
          ],
          [
            -45.29385,
            -23.88008
          ],
          [
            -45.29387,
            -23.879966
          ],
          [
            -45.293861,
            -23.879869
          ],
          [
            -45.293838,
            -23.879812
          ],
          [
            -45.293618,
            -23.879494
          ],
          [
            -45.293464,
            -23.879337
          ],
          [
            -45.293144,
            -23.879112
          ],
          [
            -45.293084,
            -23.879042
          ],
          [
            -45.293048,
            -23.878964
          ],
          [
            -45.293042,
            -23.878794
          ],
          [
            -45.293007,
            -23.878615
          ],
          [
            -45.293,
            -23.87817
          ],
          [
            -45.292981,
            -23.877975
          ],
          [
            -45.293087,
            -23.877351
          ],
          [
            -45.293045,
            -23.877181
          ],
          [
            -45.293042,
            -23.87702
          ],
          [
            -45.293011,
            -23.876903
          ],
          [
            -45.292929,
            -23.876711
          ],
          [
            -45.29287,
            -23.876446
          ],
          [
            -45.292872,
            -23.876356
          ],
          [
            -45.292958,
            -23.875971
          ],
          [
            -45.292957,
            -23.875845
          ],
          [
            -45.292924,
            -23.875707
          ],
          [
            -45.292865,
            -23.875579
          ],
          [
            -45.292808,
            -23.875499
          ],
          [
            -45.2926,
            -23.875302
          ],
          [
            -45.2925,
            -23.875235
          ],
          [
            -45.291961,
            -23.875011
          ],
          [
            -45.291768,
            -23.874853
          ],
          [
            -45.291691,
            -23.874756
          ],
          [
            -45.291482,
            -23.874277
          ],
          [
            -45.291392,
            -23.874024
          ],
          [
            -45.291366,
            -23.873896
          ],
          [
            -45.29137,
            -23.873788
          ],
          [
            -45.2914509,
            -23.8735887
          ],
          [
            -45.291436,
            -23.873497
          ],
          [
            -45.2914326,
            -23.8734865
          ]
        ]
      },
      "id": "way/541718881"
    },
    {
      "type": "Feature",
      "properties": {
        "@id": "way/656647800",
        "highway": "track",
        "name": "Subida Castelhanos-volta",
        "smoothness": "off_road_wheels",
        "surface": "unpaved"
      },
      "geometry": {
        "type": "LineString",
        "coordinates": [
          [
            -45.3292207,
            -23.8443057
          ],
          [
            -45.3285235,
            -23.8446381
          ],
          [
            -45.3282289,
            -23.8447189
          ],
          [
            -45.3280324,
            -23.8448806
          ],
          [
            -45.3279735,
            -23.8450961
          ],
          [
            -45.3283467,
            -23.8457698
          ],
          [
            -45.3283172,
            -23.8463087
          ],
          [
            -45.3284351,
            -23.8465242
          ],
          [
            -45.3285824,
            -23.8467308
          ],
          [
            -45.3286315,
            -23.8468925
          ],
          [
            -45.3286118,
            -23.847117
          ],
          [
            -45.3284351,
            -23.8472338
          ],
          [
            -45.328278,
            -23.8473865
          ],
          [
            -45.3282387,
            -23.8475931
          ],
          [
            -45.3283074,
            -23.8477817
          ],
          [
            -45.3282976,
            -23.8479613
          ],
          [
            -45.3281699,
            -23.848096
          ],
          [
            -45.3280324,
            -23.8481769
          ],
          [
            -45.3279637,
            -23.8483565
          ],
          [
            -45.328003,
            -23.8485631
          ],
          [
            -45.328111,
            -23.8487876
          ],
          [
            -45.3281797,
            -23.8489852
          ],
          [
            -45.3281208,
            -23.8494702
          ],
          [
            -45.3279735,
            -23.8497307
          ],
          [
            -45.3277968,
            -23.8499822
          ],
          [
            -45.3277378,
            -23.8502157
          ],
          [
            -45.3277477,
            -23.8504313
          ],
          [
            -45.3277182,
            -23.850539
          ],
          [
            -45.3276004,
            -23.8505839
          ],
          [
            -45.3274334,
            -23.8504762
          ],
          [
            -45.3269915,
            -23.8502786
          ],
          [
            -45.3264809,
            -23.8500989
          ],
          [
            -45.3258131,
            -23.8497397
          ],
          [
            -45.3252239,
            -23.8495062
          ],
          [
            -45.3246936,
            -23.8492726
          ],
          [
            -45.3244383,
            -23.8491918
          ],
          [
            -45.3242419,
            -23.8492637
          ],
          [
            -45.3240553,
            -23.8493445
          ],
          [
            -45.3238884,
            -23.8493355
          ],
          [
            -45.3235643,
            -23.8491289
          ],
          [
            -45.3233483,
            -23.8490571
          ],
          [
            -45.323142,
            -23.849111
          ],
          [
            -45.3229653,
            -23.8493176
          ],
          [
            -45.3229849,
            -23.849605
          ],
          [
            -45.3230831,
            -23.8498564
          ],
          [
            -45.3230865,
            -23.8499605
          ],
          [
            -45.3230929,
            -23.8501528
          ],
          [
            -45.3231126,
            -23.8503864
          ],
          [
            -45.3231911,
            -23.850575
          ],
          [
            -45.3233483,
            -23.8506648
          ],
          [
            -45.3235741,
            -23.8506738
          ],
          [
            -45.3240946,
            -23.850557
          ],
          [
            -45.3243204,
            -23.8505301
          ],
          [
            -45.3247918,
            -23.8506289
          ],
          [
            -45.3250177,
            -23.8507007
          ],
          [
            -45.325165,
            -23.8507815
          ],
          [
            -45.3252828,
            -23.8508893
          ],
          [
            -45.3252337,
            -23.8511049
          ],
          [
            -45.3253221,
            -23.8513114
          ],
          [
            -45.3254301,
            -23.8513923
          ],
          [
            -45.3254399,
            -23.8516438
          ],
          [
            -45.325381,
            -23.8518863
          ],
          [
            -45.3254301,
            -23.8521467
          ],
          [
            -45.3256167,
            -23.8522635
          ],
          [
            -45.3257935,
            -23.8521737
          ],
          [
            -45.3259408,
            -23.8521467
          ],
          [
            -45.3260979,
            -23.8522545
          ],
          [
            -45.3261372,
            -23.852488
          ],
          [
            -45.3262059,
            -23.8527036
          ],
          [
            -45.3263728,
            -23.8529191
          ],
          [
            -45.3264809,
            -23.8530987
          ],
          [
            -45.32653,
            -23.8533053
          ],
          [
            -45.3264121,
            -23.8535478
          ],
          [
            -45.326422,
            -23.8537185
          ],
          [
            -45.3265005,
            -23.8538801
          ],
          [
            -45.3265594,
            -23.8541675
          ],
          [
            -45.3267362,
            -23.8542933
          ],
          [
            -45.3269915,
            -23.854428
          ],
          [
            -45.3271683,
            -23.8545986
          ],
          [
            -45.3273941,
            -23.8551644
          ],
          [
            -45.3273843,
            -23.8554608
          ],
          [
            -45.3272763,
            -23.8556764
          ],
          [
            -45.3270701,
            -23.8559907
          ],
          [
            -45.326913,
            -23.8560176
          ],
          [
            -45.3268344,
            -23.8559368
          ],
          [
            -45.3268148,
            -23.8557841
          ],
          [
            -45.3268835,
            -23.8555596
          ],
          [
            -45.3269031,
            -23.855353
          ],
          [
            -45.3268344,
            -23.8551734
          ],
          [
            -45.3265889,
            -23.8550567
          ],
          [
            -45.3263925,
            -23.8550926
          ],
          [
            -45.3261666,
            -23.8551555
          ],
          [
            -45.3259506,
            -23.8550836
          ],
          [
            -45.3258033,
            -23.8549489
          ],
          [
            -45.3254007,
            -23.8546345
          ],
          [
            -45.3251159,
            -23.8544998
          ],
          [
            -45.3248998,
            -23.8543292
          ],
          [
            -45.3248016,
            -23.8541226
          ],
          [
            -45.3248409,
            -23.8539071
          ],
          [
            -45.3248802,
            -23.8537723
          ],
          [
            -45.3248016,
            -23.8536376
          ],
          [
            -45.3245954,
            -23.8536286
          ],
          [
            -45.3243303,
            -23.8536376
          ],
          [
            -45.3241339,
            -23.853467
          ],
          [
            -45.3239866,
            -23.8532245
          ],
          [
            -45.3238098,
            -23.8530359
          ],
          [
            -45.3234268,
            -23.8529012
          ],
          [
            -45.323201,
            -23.8529101
          ],
          [
            -45.3229064,
            -23.8527754
          ],
          [
            -45.3226903,
            -23.8527754
          ],
          [
            -45.3224743,
            -23.8530718
          ],
          [
            -45.322052,
            -23.8533592
          ],
          [
            -45.3217181,
            -23.8534939
          ],
          [
            -45.3214137,
            -23.853467
          ],
          [
            -45.3210209,
            -23.8530808
          ],
          [
            -45.3209031,
            -23.8528562
          ],
          [
            -45.3206379,
            -23.8527844
          ],
          [
            -45.3200782,
            -23.8527395
          ],
          [
            -45.3198818,
            -23.8526048
          ],
          [
            -45.3194497,
            -23.8523623
          ],
          [
            -45.3193122,
            -23.8520569
          ],
          [
            -45.3192238,
            -23.8518863
          ],
          [
            -45.3189194,
            -23.8515629
          ],
          [
            -45.318723,
            -23.8514192
          ],
          [
            -45.3185462,
            -23.8511049
          ],
          [
            -45.3182614,
            -23.8508983
          ],
          [
            -45.3179276,
            -23.8507187
          ],
          [
            -45.317741,
            -23.850539
          ],
          [
            -45.3174464,
            -23.8504043
          ],
          [
            -45.3171223,
            -23.8503235
          ],
          [
            -45.3169455,
            -23.8504582
          ],
          [
            -45.3168473,
            -23.8506109
          ],
          [
            -45.3166902,
            -23.8506378
          ],
          [
            -45.3164349,
            -23.8506019
          ],
          [
            -45.3162581,
            -23.8504402
          ],
          [
            -45.3161599,
            -23.8501798
          ],
          [
            -45.3159341,
            -23.850072
          ],
          [
            -45.3158162,
            -23.8499463
          ],
          [
            -45.3155609,
            -23.8498295
          ],
          [
            -45.3154333,
            -23.8496948
          ],
          [
            -45.3153449,
            -23.8494882
          ],
          [
            -45.3151681,
            -23.8493355
          ],
          [
            -45.314844,
            -23.8492098
          ],
          [
            -45.3145985,
            -23.8492098
          ],
          [
            -45.3141861,
            -23.8492816
          ],
          [
            -45.3139308,
            -23.8492277
          ],
          [
            -45.3137835,
            -23.849102
          ],
          [
            -45.3136165,
            -23.8489044
          ],
          [
            -45.3133808,
            -23.8487697
          ],
          [
            -45.3129782,
            -23.848626
          ],
          [
            -45.3123301,
            -23.8484463
          ],
          [
            -45.3118096,
            -23.8484284
          ],
          [
            -45.311407,
            -23.8483206
          ],
          [
            -45.3112106,
            -23.8483655
          ],
          [
            -45.3110535,
            -23.8485631
          ],
          [
            -45.3108571,
            -23.8486888
          ],
          [
            -45.310641,
            -23.8486439
          ],
          [
            -45.3103268,
            -23.8484194
          ],
          [
            -45.3099438,
            -23.8482218
          ],
          [
            -45.3097671,
            -23.8480691
          ],
          [
            -45.3095706,
            -23.8480781
          ],
          [
            -45.3093939,
            -23.8481679
          ],
          [
            -45.3092368,
            -23.8481769
          ],
          [
            -45.3089913,
            -23.8480242
          ],
          [
            -45.3085199,
            -23.8477547
          ],
          [
            -45.3081467,
            -23.8477997
          ],
          [
            -45.3078128,
            -23.8478176
          ],
          [
            -45.3073709,
            -23.8477637
          ],
          [
            -45.306438,
            -23.8475661
          ],
          [
            -45.3060747,
            -23.8474494
          ],
          [
            -45.3058095,
            -23.8473057
          ],
          [
            -45.3055149,
            -23.8470991
          ],
          [
            -45.3052498,
            -23.8469374
          ],
          [
            -45.3049061,
            -23.8468117
          ],
          [
            -45.304641,
            -23.8468027
          ],
          [
            -45.304474,
            -23.8468925
          ],
          [
            -45.3043267,
            -23.8468835
          ],
          [
            -45.3041401,
            -23.8467668
          ],
          [
            -45.3039339,
            -23.8467308
          ],
          [
            -45.303767,
            -23.8467578
          ],
          [
            -45.3031581,
            -23.8465602
          ],
          [
            -45.3027948,
            -23.8464793
          ],
          [
            -45.3024707,
            -23.8464344
          ],
          [
            -45.3021957,
            -23.8464793
          ],
          [
            -45.3019601,
            -23.8465781
          ],
          [
            -45.3018128,
            -23.846668
          ],
          [
            -45.3016949,
            -23.8467039
          ],
          [
            -45.301636,
            -23.8465961
          ],
          [
            -45.3017047,
            -23.8464614
          ],
          [
            -45.3021172,
            -23.8462099
          ],
          [
            -45.30251,
            -23.8459943
          ],
          [
            -45.3029028,
            -23.8458955
          ],
          [
            -45.3033152,
            -23.8458326
          ],
          [
            -45.3035804,
            -23.8457428
          ],
          [
            -45.3038946,
            -23.8457788
          ],
          [
            -45.304091,
            -23.8457518
          ],
          [
            -45.3042187,
            -23.845635
          ],
          [
            -45.3042482,
            -23.8454734
          ],
          [
            -45.3041303,
            -23.8453566
          ],
          [
            -45.3039535,
            -23.8453117
          ],
          [
            -45.3037179,
            -23.8453656
          ],
          [
            -45.3034036,
            -23.8453656
          ],
          [
            -45.3031778,
            -23.8453925
          ],
          [
            -45.3029617,
            -23.8453027
          ],
          [
            -45.3026769,
            -23.8452219
          ],
          [
            -45.3024216,
            -23.8452398
          ],
          [
            -45.3022154,
            -23.8453117
          ],
          [
            -45.3019895,
            -23.8453207
          ],
          [
            -45.3015574,
            -23.8452219
          ],
          [
            -45.3010861,
            -23.8453746
          ],
          [
            -45.3007522,
            -23.8453656
          ],
          [
            -45.3004674,
            -23.8454734
          ],
          [
            -45.3003103,
            -23.845662
          ],
          [
            -45.3002415,
            -23.8458237
          ],
          [
            -45.3001041,
            -23.8458326
          ],
          [
            -45.2999077,
            -23.8457967
          ],
          [
            -45.2997113,
            -23.8458865
          ],
          [
            -45.2995541,
            -23.8460392
          ],
          [
            -45.2993872,
            -23.8462728
          ],
          [
            -45.2991908,
            -23.8463626
          ],
          [
            -45.2989355,
            -23.8464254
          ],
          [
            -45.2988667,
            -23.846632
          ],
          [
            -45.2989551,
            -23.8470182
          ],
          [
            -45.2990828,
            -23.8473326
          ],
          [
            -45.2992988,
            -23.8475302
          ],
          [
            -45.2993577,
            -23.8476919
          ],
          [
            -45.299289,
            -23.8478356
          ],
          [
            -45.2990435,
            -23.8479164
          ],
          [
            -45.2986311,
            -23.8479613
          ],
          [
            -45.2982284,
            -23.8479703
          ],
          [
            -45.2979927,
            -23.8478895
          ],
          [
            -45.2978258,
            -23.8475392
          ],
          [
            -45.2974919,
            -23.8470452
          ],
          [
            -45.2971973,
            -23.84665
          ],
          [
            -45.2967849,
            -23.8462368
          ],
          [
            -45.2963921,
            -23.8459314
          ],
          [
            -45.2960189,
            -23.8458506
          ],
          [
            -45.2956556,
            -23.8458326
          ],
          [
            -45.2952333,
            -23.8460123
          ],
          [
            -45.2947128,
            -23.8463087
          ],
          [
            -45.2942415,
            -23.8463895
          ],
          [
            -45.2937996,
            -23.84665
          ],
          [
            -45.2935835,
            -23.8470093
          ],
          [
            -45.2933086,
            -23.8474943
          ],
          [
            -45.2930336,
            -23.8477997
          ],
          [
            -45.2925622,
            -23.8480152
          ],
          [
            -45.2923855,
            -23.8482757
          ],
          [
            -45.292248,
            -23.84859
          ],
          [
            -45.2919239,
            -23.8487876
          ],
          [
            -45.2916195,
            -23.8490032
          ],
          [
            -45.2914624,
            -23.8491918
          ],
          [
            -45.2912856,
            -23.8493086
          ],
          [
            -45.2911383,
            -23.8494343
          ],
          [
            -45.2911088,
            -23.8496678
          ],
          [
            -45.2911678,
            -23.8498924
          ],
          [
            -45.2911874,
            -23.8503235
          ],
          [
            -45.2911383,
            -23.8506468
          ],
          [
            -45.2910106,
            -23.8509522
          ],
          [
            -45.2908437,
            -23.8513114
          ],
          [
            -45.2906178,
            -23.8516348
          ],
          [
            -45.2905,
            -23.8519312
          ],
          [
            -45.2904018,
            -23.8523713
          ],
          [
            -45.2903699,
            -23.8528203
          ],
          [
            -45.290456,
            -23.8531817
          ],
          [
            -45.2906714,
            -23.8536237
          ],
          [
            -45.2907553,
            -23.8538891
          ],
          [
            -45.2907636,
            -23.8539833
          ],
          [
            -45.2907722,
            -23.8540376
          ]
        ]
      },
      "id": "way/656647800"
    },
    {
      "type": "Feature",
      "properties": {
        "@id": "way/679910311",
        "highway": "track",
        "name": "Subida de Castelhanos- ida",
        "surface": "unpaved"
      },
      "geometry": {
        "type": "LineString",
        "coordinates": [
          [
            -45.350658,
            -23.847126
          ],
          [
            -45.3504321,
            -23.8472967
          ],
          [
            -45.3502455,
            -23.8475302
          ],
          [
            -45.3500197,
            -23.8478535
          ],
          [
            -45.3498822,
            -23.8480781
          ],
          [
            -45.3496563,
            -23.8482128
          ],
          [
            -45.3494992,
            -23.8481769
          ],
          [
            -45.3493912,
            -23.8479883
          ],
          [
            -45.3492439,
            -23.8478895
          ],
          [
            -45.3487823,
            -23.8478446
          ],
          [
            -45.348144,
            -23.8477547
          ],
          [
            -45.3473584,
            -23.8475392
          ],
          [
            -45.3468674,
            -23.8474763
          ],
          [
            -45.3464353,
            -23.8473506
          ],
          [
            -45.3462193,
            -23.8472697
          ],
          [
            -45.3459934,
            -23.8472518
          ],
          [
            -45.3453846,
            -23.8474045
          ],
          [
            -45.3451882,
            -23.8475302
          ],
          [
            -45.344982,
            -23.8475661
          ],
          [
            -45.3447855,
            -23.8475482
          ],
          [
            -45.3445695,
            -23.8474583
          ],
          [
            -45.3443436,
            -23.8473146
          ],
          [
            -45.3440883,
            -23.8471889
          ],
          [
            -45.343558,
            -23.8472248
          ],
          [
            -45.3433518,
            -23.8471709
          ],
          [
            -45.3431849,
            -23.847153
          ],
          [
            -45.3429099,
            -23.847153
          ],
          [
            -45.3427037,
            -23.8472248
          ],
          [
            -45.3424975,
            -23.8473865
          ],
          [
            -45.3423011,
            -23.8474943
          ],
          [
            -45.3420359,
            -23.8475482
          ],
          [
            -45.3416137,
            -23.8475482
          ],
          [
            -45.3414369,
            -23.847647
          ],
          [
            -45.3412405,
            -23.8477009
          ],
          [
            -45.3407888,
            -23.8477098
          ],
          [
            -45.3405825,
            -23.8475482
          ],
          [
            -45.3402487,
            -23.8474853
          ],
          [
            -45.3397086,
            -23.8473416
          ],
          [
            -45.3392568,
            -23.8472697
          ],
          [
            -45.3386873,
            -23.847126
          ],
          [
            -45.3383141,
            -23.8469913
          ],
          [
            -45.3378918,
            -23.8467398
          ],
          [
            -45.3376071,
            -23.8465332
          ],
          [
            -45.3373026,
            -23.8462009
          ],
          [
            -45.3371553,
            -23.8460662
          ],
          [
            -45.3368313,
            -23.8459314
          ],
          [
            -45.3364974,
            -23.8459045
          ],
          [
            -45.3362519,
            -23.8459584
          ],
          [
            -45.3359867,
            -23.8460302
          ],
          [
            -45.3357216,
            -23.8460302
          ],
          [
            -45.3347199,
            -23.8458237
          ],
          [
            -45.3343959,
            -23.84568
          ],
          [
            -45.3341406,
            -23.8454913
          ],
          [
            -45.3339933,
            -23.8452488
          ],
          [
            -45.3338754,
            -23.845168
          ],
          [
            -45.3337183,
            -23.8452219
          ],
          [
            -45.3336692,
            -23.8453476
          ],
          [
            -45.3337477,
            -23.8454464
          ],
          [
            -45.3338263,
            -23.845635
          ],
          [
            -45.3339245,
            -23.8459225
          ],
          [
            -45.3339245,
            -23.8461201
          ],
          [
            -45.3341209,
            -23.8463356
          ],
          [
            -45.3341995,
            -23.8465781
          ],
          [
            -45.3341406,
            -23.8468296
          ],
          [
            -45.3344744,
            -23.8471979
          ],
          [
            -45.3345235,
            -23.8474404
          ],
          [
            -45.3346021,
            -23.847611
          ],
          [
            -45.334828,
            -23.8477278
          ],
          [
            -45.3351324,
            -23.8477727
          ],
          [
            -45.3353582,
            -23.8478446
          ],
          [
            -45.3355546,
            -23.8478356
          ],
          [
            -45.33581,
            -23.8477278
          ],
          [
            -45.3359769,
            -23.8476829
          ],
          [
            -45.3360849,
            -23.8477547
          ],
          [
            -45.3360457,
            -23.8479074
          ],
          [
            -45.3359278,
            -23.848096
          ],
          [
            -45.3358689,
            -23.8482667
          ],
          [
            -45.335918,
            -23.8484104
          ],
          [
            -45.3360162,
            -23.8485182
          ],
          [
            -45.3360751,
            -23.848626
          ],
          [
            -45.3361046,
            -23.8488056
          ],
          [
            -45.336134,
            -23.849084
          ],
          [
            -45.3362224,
            -23.8493445
          ],
          [
            -45.3363599,
            -23.8494792
          ],
          [
            -45.3365268,
            -23.8494792
          ],
          [
            -45.3366447,
            -23.849569
          ],
          [
            -45.3367134,
            -23.8497217
          ],
          [
            -45.3368214,
            -23.8497127
          ],
          [
            -45.3370178,
            -23.8493176
          ],
          [
            -45.3372044,
            -23.8491918
          ],
          [
            -45.337391,
            -23.8492008
          ],
          [
            -45.3375089,
            -23.8493625
          ],
          [
            -45.3373812,
            -23.849578
          ],
          [
            -45.3372535,
            -23.8496229
          ],
          [
            -45.3371259,
            -23.8498834
          ],
          [
            -45.3372044,
            -23.8501798
          ],
          [
            -45.3372241,
            -23.8504762
          ],
          [
            -45.3371357,
            -23.8506378
          ],
          [
            -45.3369393,
            -23.850557
          ],
          [
            -45.3367527,
            -23.8502427
          ],
          [
            -45.3365367,
            -23.8500989
          ],
          [
            -45.3363403,
            -23.8501349
          ],
          [
            -45.3361635,
            -23.8502876
          ],
          [
            -45.335918,
            -23.8502876
          ],
          [
            -45.3355448,
            -23.8499912
          ],
          [
            -45.3355252,
            -23.8497846
          ],
          [
            -45.335535,
            -23.8495601
          ],
          [
            -45.3354073,
            -23.8492188
          ],
          [
            -45.3352502,
            -23.8489134
          ],
          [
            -45.3350047,
            -23.8488236
          ],
          [
            -45.3347985,
            -23.8487787
          ],
          [
            -45.3345137,
            -23.8487876
          ],
          [
            -45.3341504,
            -23.8489493
          ],
          [
            -45.3339245,
            -23.8489673
          ],
          [
            -45.333679,
            -23.8489224
          ],
          [
            -45.3332469,
            -23.8487158
          ],
          [
            -45.3330112,
            -23.8485002
          ],
          [
            -45.3328247,
            -23.8481499
          ],
          [
            -45.3326479,
            -23.8477188
          ],
          [
            -45.3323337,
            -23.8473506
          ],
          [
            -45.3319605,
            -23.8470721
          ],
          [
            -45.331607,
            -23.8470182
          ],
          [
            -45.3314007,
            -23.8470452
          ],
          [
            -45.3312142,
            -23.8469284
          ],
          [
            -45.3311454,
            -23.8467308
          ],
          [
            -45.3311945,
            -23.8465063
          ],
          [
            -45.3310472,
            -23.8463626
          ],
          [
            -45.330733,
            -23.8462907
          ],
          [
            -45.330566,
            -23.846165
          ],
          [
            -45.3304286,
            -23.8459135
          ],
          [
            -45.3297804,
            -23.8450961
          ],
          [
            -45.3292207,
            -23.8443057
          ]
        ]
      },
      "id": "way/679910311"
    },
    {
      "type": "Feature",
      "properties": {
        "@id": "way/679910312",
        "highway": "path",
        "name": "Trilha Bonete Castelhanos"
      },
      "geometry": {
        "type": "LineString",
        "coordinates": [
          [
            -45.2914326,
            -23.8734865
          ],
          [
            -45.29132,
            -23.873285
          ],
          [
            -45.291035,
            -23.872979
          ],
          [
            -45.290953,
            -23.872871
          ],
          [
            -45.290841,
            -23.872793
          ],
          [
            -45.290586,
            -23.872747
          ],
          [
            -45.290233,
            -23.872637
          ],
          [
            -45.2901372,
            -23.8726219
          ]
        ]
      },
      "id": "way/679910312"
    },
    {
      "type": "Feature",
      "properties": {
        "@id": "way/839399948",
        "highway": "path",
        "name": "Trilha Mirante do Bonete"
      },
      "geometry": {
        "type": "LineString",
        "coordinates": [
          [
            -45.3380367,
            -23.9171162
          ],
          [
            -45.3389132,
            -23.9175984
          ],
          [
            -45.339793,
            -23.9182261
          ],
          [
            -45.3408337,
            -23.9192657
          ],
          [
            -45.3417993,
            -23.9208251
          ],
          [
            -45.3418315,
            -23.9212762
          ],
          [
            -45.3420568,
            -23.9215116
          ]
        ]
      },
      "id": "way/839399948"
    },
    {
      "type": "Feature",
      "properties": {
        "@id": "way/839401180",
        "highway": "path",
        "name": "Trilha Bonete Castelhanos"
      },
      "geometry": {
        "type": "LineString",
        "coordinates": [
          [
            -45.326036,
            -23.911635
          ],
          [
            -45.3257811,
            -23.9115127
          ],
          [
            -45.3254002,
            -23.9114588
          ],
          [
            -45.3250516,
            -23.9110812
          ],
          [
            -45.3250086,
            -23.9108065
          ],
          [
            -45.324819,
            -23.9102748
          ]
        ]
      },
      "id": "way/839401180"
    },
    {
      "type": "Feature",
      "properties": {
        "@id": "way/839401181",
        "highway": "path",
        "name": "Trilha Mirante do Bonete"
      },
      "geometry": {
        "type": "LineString",
        "coordinates": [
          [
            -45.355824,
            -23.920384
          ],
          [
            -45.3550065,
            -23.9207368
          ],
          [
            -45.3547865,
            -23.9207613
          ],
          [
            -45.3544754,
            -23.9206682
          ],
          [
            -45.3542179,
            -23.9208055
          ]
        ]
      },
      "id": "way/839401181"
    },
    {
      "type": "Feature",
      "properties": {
        "@id": "way/1136565081",
        "highway": "track",
        "name": "Subida de Castelhanos- ida",
        "surface": "unpaved"
      },
      "geometry": {
        "type": "LineString",
        "coordinates": [
          [
            -45.3529948,
            -23.8312755
          ],
          [
            -45.353221,
            -23.8315777
          ],
          [
            -45.353329,
            -23.8317214
          ],
          [
            -45.3535058,
            -23.8318023
          ],
          [
            -45.353712,
            -23.831928
          ],
          [
            -45.354203,
            -23.8322065
          ],
          [
            -45.35437,
            -23.8322514
          ],
          [
            -45.354567,
            -23.832369
          ],
          [
            -45.354694,
            -23.8325568
          ],
          [
            -45.3547726,
            -23.8327185
          ],
          [
            -45.3548708,
            -23.8327814
          ],
          [
            -45.3549985,
            -23.8327994
          ],
          [
            -45.3551654,
            -23.8331138
          ],
          [
            -45.3552832,
            -23.8331587
          ],
          [
            -45.3555189,
            -23.8331677
          ],
          [
            -45.3556662,
            -23.8332305
          ],
          [
            -45.3557939,
            -23.8333204
          ],
          [
            -45.3558823,
            -23.8334371
          ],
          [
            -45.3560197,
            -23.833518
          ],
          [
            -45.3561572,
            -23.8335
          ],
          [
            -45.3563438,
            -23.8334192
          ],
          [
            -45.3565304,
            -23.8334012
          ],
          [
            -45.3567268,
            -23.8334551
          ],
          [
            -45.3569036,
            -23.8335719
          ],
          [
            -45.3570607,
            -23.8336348
          ],
          [
            -45.3572178,
            -23.8336078
          ],
          [
            -45.3575419,
            -23.8334641
          ],
          [
            -45.3578266,
            -23.8334641
          ],
          [
            -45.358082,
            -23.833527
          ],
          [
            -45.3582489,
            -23.8336707
          ],
          [
            -45.3583373,
            -23.8338593
          ],
          [
            -45.3583766,
            -23.8341019
          ],
          [
            -45.3585042,
            -23.8343893
          ],
          [
            -45.3585632,
            -23.8345779
          ],
          [
            -45.3585926,
            -23.8348564
          ],
          [
            -45.3586712,
            -23.835054
          ],
          [
            -45.3586908,
            -23.8353504
          ],
          [
            -45.3586319,
            -23.8358265
          ],
          [
            -45.3585279,
            -23.8361483
          ],
          [
            -45.3585042,
            -23.8362217
          ],
          [
            -45.358573,
            -23.8365002
          ],
          [
            -45.3587596,
            -23.8368775
          ],
          [
            -45.3589363,
            -23.8371829
          ],
          [
            -45.3590345,
            -23.8373715
          ],
          [
            -45.3592211,
            -23.8379464
          ],
          [
            -45.35928,
            -23.8381799
          ],
          [
            -45.3593979,
            -23.8384404
          ],
          [
            -45.3597809,
            -23.8388805
          ],
          [
            -45.3600165,
            -23.8391141
          ],
          [
            -45.3601125,
            -23.8392972
          ],
          [
            -45.3601344,
            -23.8393386
          ],
          [
            -45.3602424,
            -23.839644
          ]
        ]
      },
      "id": "way/1136565081"
    },
    {
      "type": "Feature",
      "properties": {
        "@id": "way/1136565365",
        "highway": "track",
        "name": "Subida Castelhanos-volta",
        "surface": "unpaved"
      },
      "geometry": {
        "type": "LineString",
        "coordinates": [
          [
            -45.2907718,
            -23.8540775
          ],
          [
            -45.290775,
            -23.8541136
          ],
          [
            -45.2907062,
            -23.854401
          ],
          [
            -45.2905196,
            -23.8546615
          ],
          [
            -45.2901563,
            -23.854886
          ],
          [
            -45.2899795,
            -23.8550118
          ]
        ]
      },
      "id": "way/1136565365"
    },
    {
      "type": "Feature",
      "properties": {
        "@id": "way/1136565366",
        "bridge": "yes",
        "highway": "path",
        "layer": "1",
        "name": "Subida Castelhanos-volta",
        "surface": "unpaved"
      },
      "geometry": {
        "type": "LineString",
        "coordinates": [
          [
            -45.2907722,
            -23.8540376
          ],
          [
            -45.2907718,
            -23.8540775
          ]
        ]
      },
      "id": "way/1136565366"
    }
  ]
}